12 ribosomal RNA	12S
12 rRNA	12S
12S	12S
12S mitochondrial ribosomal RNA	12S
12S rDNA	12S
12S ribosmal RNA	12S
12 S ribosomal RNA	12S
12S ribosomal RNA	12S
12S ribosomal RNA gene	12S
12S ribosomal RNA, small subunit	12S
12S ribosomal RNA subunit	12S
12S ribosoma RNA	12S
12S ribosomar RNA	12S
12S ribosome RNA	12S
12S ribosoml RNA	12S
12S ribosonal RNA	12S
12S ribosormal RNA	12S
12S ribsomal RNA	12S
12S ribsosmal RNA	12S
12S RNA	12S
12S rrn	12S
12Srrn	12S
12 S rRNA	12S
12S r RNA	12S
12S rRNA	12S
12S-rRNA	12S
12SrRNA	12S
12S rRNA gene	12S
12S small ribosomal RNA	12S
12S small ribosomal RNA subunit	12S
12S small subunit ribosomal RNA	12S
12S small subunit RNA	12S
12SS ribosomal RNA	12S
12SS rRNA	12S
12S (SSU) ribosomal RNA	12S
16 ribosomal RNA	16S
16S	16S
16S large ribosomal RNA	16S
16S large subunit ribosomal RNA	16S
16S large subunit ribsomal RNA	16S
16S (LSU) ribosomal RNA	16S
16S mitochondrial ribosomal RNA	16S
16S rDNA	16S
16S riboaomal RNA	16S
16S ribosamal RNA	16S
16S ribosmal RNA	16S
16S ribosoaml RNA	16S
16S ribosomail RNA	16S
16 S ribosomal RNA	16S
16S ribosomal RNA	16S
16S ribosomal RNA gene	16S
16S ribosomal RNA homolog	16S
16S ribosomal RNA, large subunit	16S
16S ribosomal RNA protein	16S
16S ribosomal RNA subunit	16S
16S ribosomal RNA subunit RNA	16S
16S ribosome RNA	16S
16S ribosoml RNA	16S
16S ribosommal RNA	16S
16S ribososmal RNA	16S
16S ribososomal RNA	16S
16S ribsomal RNA	16S
16S risbosomal RNA	16S
16S rivbosomal RNA	16S
16sRNA	16S
16S rrn	16S
16Srrn	16S
16S rRNA	16S
16S-rRNA	16S
16SrRNA	16S
16S rRNA gene	16S
2S ribosomal RNA	12S
4	NAD4
A6	ATP6
A8	ATP8
AcCOI	COX1
adenine triphosphatase subunit 6	ATP6
adenine triphosphatase subunit 8	ATP8
adenosine triphoshatase subunit 8	ATP8
adenosine triphosphatase 6	ATP6
adenosine triphosphatase 8	ATP8
adenosine triphosphatase subunit 6	ATP6
adenosine triphosphatase subunit 8	ATP8
adenosine triphosphate subunit 6	ATP6
adenosine triphosphate subunit 8	ATP8
adenosine triphosphate synthase 6	ATP6
adenosine triphosphate synthase 8	ATP8
adenosine triphosphate synthase subunit 6	ATP6
adenosine triphosphate synthase subunit 8	ATP8
ADH dehydrogenase subunit 4	NAD4
ApCOI	COX1
apocytochome b	CYTB
apocytochrome b	CYTB
apocytochrome-b	CYTB
apocytyochrome b	CYTB
apoprotein	CYTB
APT6	ATP6
apt8	ATP8
APT8	ATP8
AT6	ATP6
AT8	ATP8
ATP6ase	ATP6
atp6	ATP6
ATP 6	ATP6
ATP-6	ATP6
ATP6	ATP6
ATP6 synthase	ATP6
ATP8ase	ATP8
atp8	ATP8
ATP 8	ATP8
ATP-8	ATP8
ATP8	ATP8
atpase 6	ATP6
ATPase 6	ATP6
ATPase-6	ATP6
ATPase6	ATP6
ATPASE6	ATP6
ATPase 6 gene	ATP6
ATPase 6 protein	ATP6
ATPase6 protein	ATP6
ATPase 6 subunit	ATP6
atpase 8	ATP8
ATPase 8	ATP8
ATPase-8	ATP8
ATPase8	ATP8
ATPASE8	ATP8
ATPase 8 gene	ATP8
ATPase 8 protein	ATP8
ATPase8 protein	ATP8
ATPase	ATP6
ATPase	ATP8
ATPase complex subunit 6	ATP6
ATPase complex subunit 8	ATP8
ATPase F0 subunit 6	ATP6
ATPase F0 subunit 8	ATP8
ATPase subuint 6	ATP6
ATPase subunit 6	ATP6
ATPase subunit-6	ATP6
ATPase subunit 6 (ATP6)	ATP6
ATPase subunit 6, ATPase6	ATP6
ATPase subunit 8	ATP8
ATPase subunit-8	ATP8
ATPase subunit8	ATP8
ATPase subunit 8 (ATP8)	ATP8
ATPase subunits 6	ATP6
ATPase subunits 8	ATP8
ATPase subunit subunit subunit 6	ATP6
ATPase subunit subunit subunit 8	ATP8
ATPase synthase subunit 6	ATP6
ATPase synthase subunit 8	ATP8
ATP	ATP6
ATP F0 synthase subunit 6	ATP6
ATP F0 synthase subunit 8	ATP8
ATP subunit 6	ATP6
ATP subunit 8	ATP8
ATP sybthase F0 subunit 6	ATP6
ATP sybthase F0 subunit 8	ATP8
ATP synathase F0 subunit 6	ATP6
ATP synathase F0 subunit 8	ATP8
ATP syntahse F0 subunit 8	ATP8
ATP syntase subunit 6	ATP6
ATP syntase subunit 8	ATP8
ATP synthase 6	ATP6
ATP-synthase 6	ATP6
ATP synthase 8	ATP8
ATP synthase8	ATP8
ATP-synthase 8	ATP8
ATP synthase A chain protein 6	ATP6
ATP synthase A chain subuint 6	ATP6
ATP synthase A chain subunit 6	ATP6
ATP synthase F0 subunit 6	ATP6
ATPsynthase F0 subunit 6	ATP6
ATP synthase F0 subunit 8	ATP8
ATPsynthase F0 subunit 8	ATP8
ATP synthase F0 subunit g	ATP6
ATP synthase F1/F0 subunit	ATP6
ATP synthase F9 subunit 6	ATP6
ATP synthase F9 subunit 8	ATP8
ATP synthase FO subunit 6	ATP6
ATP synthase FO subunit 8	ATP8
ATP synthase protein 6	ATP6
ATP synthase protein 8	ATP8
ATP synthase subunit 6	ATP6
ATP synthase subunit 8	ATP8
ATP synthase subunit a	ATP6
ATP synthetase F0 subunit 6	ATP6
ATP synthetase F0 subunit 8	ATP8
ATP synthetase subunit 6	ATP6
ATP synthetase subunit 8	ATP8
ATP sythase subunit 6	ATP6
ATP sythase subunit 8	ATP8
AyCOI	COX1
BmaCOI	COX1
BmoCOI	COX1
c01	COX1
C0I	COX1
Cb	CYTB
CB	CYTB
cCOII	COX2
chytochrome c oxidase subunit I	COX1
chytochrome c oxidase subunit II	COX2
chytochrome c oxidase subunit III	COX3
CjCOI	COX1
clone 39-1	NAD2
clone 82-2	NAD2
co1	COX1
Co1	COX1
CO 1	COX1
CO-1	COX1
CO1	COX1
CO 2	COX2
CO2	COX2
Co3	COX3
CO 3	COX3
CO3	COX3
CO3 subunit 3	COX3
cob	CYTB
COI 1	COX1
coi	COX1
co I	COX1
Co I	COX1
CO I	COX1
CO-I	COX1
COI	COX1
coii	COX2
co II	COX2
Co II	COX2
CO II	COX2
CO-II	COX2
COII	COX2
coiii	COX3
Co III	COX3
CO III	COX3
CO-III	COX3
COIII	COX3
COIII protein	COX3
COIII translated region	COX3
COII protein	COX2
COI-LCO	COX1
COI-PAT	COX1
COI protein	COX1
COl	COX1
COll	COX2
cotochrome b	CYTB
cox1a	COX1
cox1b	COX1
cox 1	COX1
cox-1	COX1
cox1	COX1
Cox1	COX1
COX 1	COX1
COX-1	COX1
COX1	COX1
cox-2	COX2
cox2	COX2
COX 2	COX2
COX2	COX2
cox3	COX3
Cox3	COX3
COX-3	COX3
COX3	COX3
coxA	COX1
COX	COX1
cox I	COX1
coxI	COX1
CoxI	COX1
COX-I	COX1
COXI	COX1
coxii	COX2
cox II	COX2
coxII	COX2
CoxII	COX2
COX II	COX2
COX-II	COX2
COXII	COX2
coxIII	COX3
CoxIII	COX3
COX III	COX3
COX-III	COX3
COXIII	COX3
ctb	CYTB
C-terminal domain of Cytochrome c Oxidase subunit II	COX2
ctochrome oxidase I	COX1
ctyb	CYTB
CTYB	CYTB
cutochrome c oxidase subunit I	COX1
cutochrome oxidase subunit 3	COX3
cutochrome oxidase subunit II	COX2
cyb	CYTB
CYB	CYTB
cybt	CYTB
CYCS	COX1
cyctochrome c oxidase subunit 1	COX1
cyctochrome oxidase subunit 1	COX1
cycytochrome oxidase I	COX1
cynb	CYTB
cyochrome oxidase subunit I	COX1
cyochrome oxidase subunit II	COX2
cyochrome oxidase subunit III	COX3
cyotchrome oxidase subunit I	COX1
cyotochrome oxidase subunit I	COX1
cyrochrome b	CYTB
cyrochrome oxidase subunit 1	COX1
cyrochrome oxidase subunit I	COX1
cytb1	CYTB
cytb2	CYTB
cytb3	CYTB
cytb4	CYTB
cyt b	CYTB
cyt-b	CYTB
cytb	CYTB
cyt-B	CYTB
cytB	CYTB
Cyt b	CYTB
Cyt-b	CYTB
Cyt.b	CYTB
Cytb	CYTB
CytB	CYTB
CYTB	CYTB
cytbochrome b	CYTB
cytb protein	CYTB
Cytb protein	CYTB
cytc	COX1
cytchorome b	CYTB
cytchrome b	CYTB
cytchrome c oxidase subunit I	COX1
cytchrome c oxidase subunit II	COX2
cytchrome c oxidase subunit III	COX3
cytchrome oxidase subunit I	COX1
cyt	CYTB
cythochrome oxidase subunit I	COX1
Cythocrome b	CYTB
cyto b	CYTB
CytoB	CYTB
cytochdrome c oxidase subunit I	COX1
cytochdrome c oxidase subunit II	COX2
cytochdrome c oxidase subunit III	COX3
cytochome b	CYTB
cytochome c oxidase subunit 1	COX1
cytochome c oxidase subunit 2	COX2
cytochome c oxidase subunit 3	COX3
cytochome c oxidase subunit I	COX1
cytochome oxidase II	COX2
cytochome oxidase subunit 1	COX1
cytochome oxidase subunit 2	COX2
cytochome oxidase subunit I	COX1
cytochome oxidse II	COX2
cytochorme b	CYTB
cytochorme oxidase subunit I	COX1
cytochorome b	CYTB
cytochorome c oxidase subunit I	COX1
cytochorome c oxidase subunit II	COX2
cytochorome oxidase subunit I	COX1
cytochorome oxidase subunit II	COX2
cytochorome oxidase subunit III	COX3
cytochorom oxidase subunit II	COX2
cytochroe c oxidase subunit 1	COX1
cytochroime b	CYTB
cytochrom b	CYTB
cytochrom b protein	CYTB
cytochrom c oxidase subunit 1	COX1
cytochrom c oxidase subunit 3	COX3
cytochrome apoenzyme b	CYTB
cytochrome b (45 AA)	CYTB
cytochrome-b5 reductase	CYTB
cytochrome b apoenzyme	CYTB
cytochrome b	CYTB
cytochrome-b	CYTB
cytochrome-B	CYTB
Cytochrome b	CYTB
Cytochrome-b	CYTB
cytochrome b gene	CYTB
cytochrome b light strand	CYTB
Cytochrome B mitochiondrial organelle	CYTB
cytochrome b (mitochondrion)	CYTB
cytochrome b oxidase	CYTB
cytochrome B oxidase	CYTB
cytochrome b oxidase subunit II	COX2
cytochrome b oxydase	CYTB
cytochrome b partial sequence	CYTB
cytochrome b protein	CYTB
cytochrome B protein	CYTB
Cytochrome b protein	CYTB
Cytochrome-b protein	CYTB
cytochrome b small subunit of mitochondrial fumarate reductase	CYTB
cytochrome b; TAA stop codon appears afterpolyadenylation	CYTB
cytochrome b type 1	CYTB
cytochrome b type 2	CYTB
cytochrome b type 3	CYTB
cytochrome b type 4	CYTB
cytochrome b type 5	CYTB
cytochrome b type 6	CYTB
cytochrome c coxidase subunit III	COX3
cytochrome co oxidase subunit III	COX3
cytochrome c oxdase subunit 2	COX2
cytochrome c oxdiase subunit I	COX1
cytochrome c oxidae subunit 1	COX1
cytochrome c oxidase 1	COX1
cytochrome c oxidase 1 subunit 1	COX1
cytochrome c oxidase 2	COX2
cytochrome C oxidase 2	COX2
cytochrome c oxidase 3	COX3
cytochrome C oxidase asubunit 3	COX3
cytochrome c oxidase chain I	COX1
cytochrome c oxidase chain II	COX2
cytochrome c oxidase	COX1
cytochrome-c oxidase	COX1
cytochrome-c oxidase	COX2
cytochrome-c oxidase	COX3
cytochrome c oxidase I	COX1
cytochrome-c oxidase I	COX1
cytochrome c oxidase II	COX2
cytochrome-c oxidase II	COX2
cytochrome-c-oxidase II	COX2
cytochrome c oxidase III	COX3
cytochrome-c oxidase III	COX3
cytochrome C oxidase II subunit	COX2
cytochrome c oxidase I subunit	COX1
cytochrome c oxidase polypeptide 1	COX1
cytochrome c oxidase polypeptide 2	COX2
cytochrome c oxidase polypeptide 3	COX3
cytochrome c oxidase polypeptide I	COX1
cytochrome c oxidase polypeptide II	COX2
cytochrome c oxidase polypeptide III	COX3
cytochrome c oxidases 1	COX1
cytochrome c oxidases subunit 1	COX1
cytochrome c oxidase subnit I	COX1
cytochrome c oxidase subnunit III	COX3
cytochrome c oxidase subumit I	COX1
cytochrome c oxidase subunit 1	COX1
cytochrome c-oxidase subunit 1	COX1
cytochrome coxidase subunit 1	COX1
cytochrome C oxidase subunit 1	COX1
Cytochrome c oxidase subunit1	COX1
cytochrome c oxidase subunit 1 (cox1)	COX1
Cytochrome C oxidase subunit 1 (COXI)	COX1
Cytochrome c oxidase subunit 1 protein	COX1
cytochrome c oxidase subunit 1 type A	COX1
cytochrome c oxidase subunit 2	COX2
cytochrome c oxidase subunit2	COX2
cytochrome c-oxidase subunit 2	COX2
cytochrome coxidase subunit 2	COX2
Cytochrome C oxidase subunit 2 (COXII)	COX2
Cytochrome c oxidase subunit 2 protein	COX2
cytochrome c oxidase subunit 3	COX3
cytochrome c-oxidase subunit 3	COX3
cytochrome coxidase subunit 3	COX3
Cytochrome c oxidase subunit3	COX3
Cytochrome c oxidase subunit 3 protein	COX3
cytochrome c oxidase subunit	COX1
cytochrome c oxidase subunite 1	COX1
cytochrome c oxidase subunit Ia	COX1
cytochrome c oxidase subunit Ib	COX1
cytochrome c oxidase subunit I, COI	COX1
cytochrome c oxidase subunit I	COX1
cytochrome coxidase subunit I	COX1
cytochrome-c oxidase subunit I	COX1
cytochrome C oxidase subunit I	COX1
cytochrome c oxidase subunit ii	COX2
cytochrome c oxidase subunit II	COX2
cytochrome c oxidase, subunit II	COX2
cytochrome coxidase subunit II	COX2
cytochrome-c oxidase subunit II	COX2
cytochrome c oxidase subunit III, CoIII	COX3
cytochrome c oxidase subunit III	COX3
cytochrome coxidase subunit III	COX3
cytochrome-c oxidase subunit III	COX3
cytochrome c oxidase subunits 1	COX1
cytochrome c oxidase subunits I	COX1
cytochrome c oxidase subunits II	COX2
cytochrome c oxidase subunits III	COX3
cytochrome c-oxidase subunit three	COX3
cytochrome c oxidase subunt 2	COX2
cytochrome c oxidase subunti I	COX1
cytochrome c oxidase sununit III	COX3
cytochrome c oxidas subunit 1	COX1
cytochrome c oxydase subunit 1	COX1
cytochrome c oxydase subunit 2	COX2
cytochrome c oxydase subunit 3	COX3
cytochrome c oxydase subunit I	COX1
cytochrome C oxydase subunit I	COX1
cytochrome c oxydase subunit II	COX2
cytochrome c oxydase subunit III	COX3
cytochrome C reductase subunit b	CYTB
cytochrome c subunit 1	COX1
cytochrome C subunit 1	COX1
cytochrome c subunit I	COX1
cytochrome c subunit II	COX2
cytochrome c subunit III	COX3
cytochrome	CYTB
cytochrome I oxidase	COX1
cytochrome oxdase I	COX1
cytochrome oxdiase subunit I	COX1
cytochrome oxidase 1	COX1
cytochrome oxidase 2	COX2
cytochrome oxidase 3	COX3
cytochrome oxidase a subunit 1	COX1
cytochrome oxidase b	CYTB
cytochrome oxidase B	CYTB
cytochrome oxidase b subunit 1	COX1
cytochrome oxidase	COX1
cytochrome oxidase	COX2
cytochrome oxidase	COX3
cytochrome oxidase c subunit 1	COX1
cytochrome oxidase c subunit 2	COX2
cytochrome oxidase c subunit 3	COX3
cytochrome oxidase c subunit	COX1
cytochrome oxidase c subunit I	COX1
cytochrome oxidase c subunit II	COX2
cytochrome oxidase c subunit III	COX3
cytochrome oxidase d subunit 1	COX1
cytochrome oxidase I	COX1
Cytochrome oxidase I	COX1
Cytochrome Oxidase I	COX1
cytochrome oxidase II	COX2
CytochromeOxidase II	COX2
cytochrome oxidase III (1 is 2nd base in codon)	COX3
cytochrome oxidase III	COX3
cytochrome oxidase II subunit	COX2
cytochrome oxidase I subunit 1	COX1
cytochrome oxidase I subunit	COX1
cytochrome oxidase, polypeptide I	COX1
cytochrome oxidaser subunit I	COX1
cytochrome oxidase submit I	COX1
cytochrome oxidase subnit I	COX1
cytochrome oxidase subnunit II	COX2
cytochrome oxidase sububit I	COX1
cytochrome oxidase subuinit I	COX1
cytochrome oxidase subuint I	COX1
cytochrome oxidase subuit 1	COX1
cytochrome oxidase subumit I	COX1
cytochrome oxidase subunidade I	COX1
cytochrome oxidase subunit 1, 3' end	COX1
cytochrome oxidase subunit 1, 5' end	COX1
cytochrome oxidase subunit 1 (COI)	COX1
cytochrome oxidase sub-unit 1	COX1
cytochrome oxidase subunit 1	COX1
cytochrome oxidase subunit-1	COX1
cytochrome oxidase subunit1	COX1
cytochrome oxidase, subunit 1	COX1
Cytochrome oxidase subunit 1	COX1
cytochrome oxidase subunit 2	COX2
cytochrome oxidase subunit-2	COX2
cytochrome oxidase subunit2	COX2
cytochrome oxidase subunit-2; TAA stop codonappears after polyadenylation	COX2
cytochrome oxidase subunit 3	COX3
cytochrome oxidase subunit-3	COX3
cytochrome oxidase subunit3	COX3
cytochrome oxidase subunit	COX1
cytochrome oxidase subunit	COX3
cytochrome oxidase subunit I (COI)	COX1
'cytochrome oxidase subunit I	COX1
cytochrome oxidase subunit I	COX1
cytochrome oxidase subunit-I	COX1
cytochrome oxidase subunitI	COX1
cytochrome oxidase, subunit I	COX1
cytochrome oxidasesubunit I	COX1
Cytochrome oxidase subunit I	COX1
cytochrome oxidase subunit I gene	COX1
cytochrome oxidase subunit II	COX2
cytochrome oxidase subunit-II	COX2
cytochrome oxidase, subunit II	COX2
Cytochrome oxidase subunit II	COX2
cytochrome oxidase subunit III	COX3
Cytochrome oxidase subunit III	COX3
cytochrome oxidase subunit III type 1	COX3
cytochrome oxidase subunit III type 2	COX3
cytochrome oxidase subunit one	COX1
cytochrome oxidase subunits I	COX1
cytochrome oxidase subunits II	COX2
cytochrome oxidase subunti 1	COX1
cytochrome oxidase subunt I	COX1
cytochrome oxidase subunt II	COX2
cytochrome oxidase sununit 3	COX3
cytochrome oxidase sununit I	COX1
cytochrome oxidase sununit II	COX2
cytochrome oxidase susbunit III	COX3
cytochrome oxidase sybunit I	COX1
cytochrome oxidate subunit I	COX1
cytochrome oxidaze subunit 1	COX1
cytochrome oxidiase subunit I	COX1
cytochrome oxidse subunit I	COX1
cytochrome oxisase subunit I	COX1
cytochrome oxitase subunit II	COX2
cytochrome oxitase subunit III	COX3
cytochrome oxitdase subunit I	COX1
cytochrome oxiydase subunit 1	COX1
cytochrome oxodase subunit I	COX1
cytochrome oxydase 1	COX1
cytochrome oxydase c subunit I	COX1
cytochrome oxydase I	COX1
cytochrome oxydase II	COX2
cytochrome oxydase subunit 1	COX1
Cytochrome Oxydase Subunit1	COX1
cytochrome oxydase subunit 2	COX2
Cytochrome oxydase subunit 2	COX2
cytochrome oxydase subunit 3	COX3
Cytochrome oxydase subunit 3	COX3
Cytochrome Oxydase Subunit3	COX3
cytochrome oxydase subunit I	COX1
cytochrome oxydase subunit II	COX2
cytochrome oxydase subunit III	COX3
cytochrome subunit B	CYTB
cytochrom oxidase I	COX1
cytochtome b	CYTB
cytochtome c oxidase subunit I	COX1
cytochtome c oxidase subunit II	COX2
cytochtome c oxidase subunit III	COX3
cytochtrome b	CYTB
cytocrhome b	CYTB
cytocrhome oxidase subunit I	COX1
cytocrome b	CYTB
cytocrome c oxidase subunit 1	COX1
cytocrome c oxidase subunit I	COX1
Cytocrome Oxidase II	COX2
cytocrome oxidase subunit 1	COX1
cytocrome oxidase subunit I	COX1
cytocrome oxidase subunit II	COX2
cytoghrome b	CYTB
cytohcrome b	CYTB
cytohrome oxidase subunit I	COX1
cytomchrome c oxidase subunit 1	COX1
CytOxI	COX1
cyt oxidase subunit 1	COX1
cyt oxidase subunit 2	COX2
cyt oxidase subunit 3	COX3
CytOxII	COX2
cytrochrome b oxidase	CYTB
dh1	NAD1
dh2	NAD2
dh3	NAD3
dh4L	NAD4L
dh4	NAD4
dh5	NAD5
dh6	NAD6
DtCOI	COX1
F0-ATPase region 6	ATP6
F0-ATPase region 8	ATP8
F0-ATPase subunit 6	ATP6
F0-ATPase subunit6	ATP6
F0-ATPase subunit 8	ATP8
F0-ATPase subunit8	ATP8
F0-ATP synthase subunit 6	ATP6
F0-ATP synthase subunit6	ATP6
F0-ATP synthase subunit 8	ATP8
F0-ATP synthase subunit8	ATP8
F0/F1 ATP synthase subunit 6	ATP6
F0/F1 ATP synthase subunit 8	ATP8
F1 ATPase subunit 6	ATP6
F1-ATPase subunit 6	ATP6
F1 ATPase subunit 8	ATP8
F1-ATPase subunit 8	ATP8
F-ATPase subunit 6	ATP6
F-ATPase subunit 8	ATP8
Fcox1	COX1
Fo ATPase subunit 6	ATP6
FO-ATPase subunit 6	ATP6
FO-ATPase subunit 8	ATP8
FoF1 ATPase subunit6	ATP6
frameshift mechanism unknown (Mindell et al., 1998, Mol. Biol. Evol., 15:1568-1571	NAD3
genomic DNA	COX1
HcCOI	COX1
H(+)-transporting ATP synthase 6	ATP6
H(+)-transporting ATP synthase 8	ATP8
H(+)-transporting ATP synthase	ATP6
H(+)-transporting ATP synthase	ATP8
H+-transporting ATP synthase subunit 6	ATP6
H+-transporting ATP synthase subunit 8	ATP8
l6S ribosomal RNA	16S
large 16S ribosomal RNA	16S
large ribosomal RNA	16S
large ribosomal RNA subnuit	16S
large ribosomal RNA subunit	16S
large ribosomal RNA subunit RNA	16S
large rRNA	16S
large subunit	16S
large subunit 16S ribosomal RNA	16S
large subunit of 16S ribosomal RNA	16S
large subunit of ribosomal RNA	16S
large subunit ribosomal RNA	16S
large subunit ribosomal RNA gene	16S
large subunit ribosomal RNA (lrRNA)	16S
l-ribosomal RNA	16S
l-rRNA	16S
lrRNA	16S
LrRNA	16S
LSrRNA	16S
lsu	16S
LSU	16S
lsu ribosomal RNA	16S
lsu rRNA	16S
lsu-rRNA	16S
LSU rRNA	16S
mitochondiral cytochrome b	CYTB
mitochondrial 16S rRNA gene	16S
mitochondrial cytochrome b	CYTB
Mitochondrial cytochrome b	CYTB
mitochondrial cytochrome c oxidase subunit III	COX3
mitochondrial cytochrome oxidase subunit I	COX1
mitochondrial cytochrome oxidase subunit II	COX2
mitochondrial cytochromw b	CYTB
mitochondrial large ribosomal RNA subunit RNA	16S
mitochondrially encoded Cytochrome b	CYTB
mitochondrially encoded NADH dehydrogenase 2	NAD2
mitochondrial NADH dehydrogenase subunit 2	NAD2
mitochondrial SSU ribosomal RNA	12S
MTATP6	ATP6
MTATP8	ATP8
mtCO1	COX1
MTCO1	COX1
MTCO2	COX2
MTCO3	COX3
mt-co	COX3
mt COI	COX1
mtCOI	COX1
mtcyb	CYTB
MT-CYB	CYTB
MTCYTB	CYTB
mtLSU rRNA	16S
mtND1	NAD1
MT-ND1	NAD1
MTND5	NAD5
NA4L	NAD4L
nad1	NAD1
Nad1	NAD1
NAD1	NAD1
nad1 protein	NAD1
nad2	NAD2
Nad2	NAD2
NAD2	NAD2
nad3	NAD3
nad4_0	NAD4
nad4l	NAD4L
nad 4L	NAD4L
nad4L	NAD4L
nad4	NAD4
Nad4	NAD4
NAD4	NAD4
nad5	NAD5
NAD5	NAD5
nad6	NAD6
NAD dehydrogenase 1	NAD1
NAD Dehydrogenase subunit 1	NAD1
NAD dehydrogenase subunit 2	NAD2
NAD dehydrogenase subunit 3	NAD3
NAD dehydrogenase subunit 4L	NAD4L
NAD dehydrogenase subunit 5	NAD5
NAD dehydrogenase subunit 6	NAD6
NADG dehydrogenase subunit 3	NAD3
NADH 1 dehydrogenase	NAD1
NADH1 dehydrogenase subunit 1	NAD1
nadh-1	NAD1
nadh1	NAD1
NADH 1	NAD1
NADH-1	NAD1
NADH1	NAD1
NADH1 protein	NAD1
nadh2	NAD2
NADH 2	NAD2
NADH-2	NAD2
NADH2	NAD2
NADH2 protein	NAD2
nadh3	NAD3
NADH 3	NAD3
NADH-3	NAD3
NADH3	NAD3
NADH3 protein	NAD3
nadh4L	NAD4L
NADH 4L	NAD4L
NADH-4L	NAD4L
NADH4L	NAD4L
NADH4L protein	NAD4L
nadh4	NAD4
NADH 4	NAD4
NADH-4	NAD4
NADH4	NAD4
NADH4 protein	NAD4
nadh 5	NAD5
nadh5	NAD5
NADH 5	NAD5
NADH-5	NAD5
NADH5	NAD5
NADH5 protein	NAD5
nadh6	NAD6
NADH 6	NAD6
NADH-6	NAD6
NADH6	NAD6
NADH6 protein	NAD6
NADH dedhydrogenase subunit 1	NAD1
NADH dedydrogenase subunit 1	NAD1
NADH dehdrogenase subnuit 2	NAD2
NADH dehdrogenase subunit 1	NAD1
NADH dehdrogenase subunit 2	NAD2
NADH dehdrogenase subunit 4	NAD4
NADH dehdyrogenase subunit 1	NAD1
NADH dehdyrogenase subunit 2	NAD2
NADH dehyadrogenase subunit 2	NAD2
NADH dehybrogenase subunit 1	NAD1
NADH dehydgrogenase subunit 1	NAD1
NADH dehydgrogenase subunit 2	NAD2
NADH dehydogenase subunit 1	NAD1
NADH dehydogenase subunit 2	NAD2
NADH dehydogenase subunit 3	NAD3
NADH dehydogenase subunit 4L	NAD4L
NADH dehydogenase subunit 4	NAD4
NADH dehydogenase subunit 5	NAD5
NADH dehydogenase subunit 6	NAD6
NADH dehydogenase subunit I	NAD1
NADH dehydorgenase subunit 2	NAD2
NADH dehydorgenase subunit 4	NAD4
NADH dehydorogenase subunit 2	NAD2
NADH dehydorogenese subunit 2	NAD2
NADH dehydrigenase subunit 5	NAD5
NADH dehydrodenase subunit 5	NAD5
NADH dehydroenase subunit 1	NAD1
NADH dehydrogenae subunit 4L	NAD4L
NADH dehydrogenasa subunit 5	NAD5
NADH dehydrogenase 1	NAD1
NADH dehydrogenase 2	NAD2
NADH dehydrogenase 3	NAD3
NADH dehydrogenase 4L	NAD4L
NADH dehydrogenase 4	NAD4
NADH dehydrogenase 5	NAD5
NADH dehydrogenase-5	NAD5
NADH dehydrogenase 5 subunit	NAD5
NADH dehydrogenase 6	NAD6
NADH dehydrogenase chain 5	NAD5
NADH dehydrogenase complex 1	NAD1
NADH dehydrogenase complex 2	NAD2
NADH dehydrogenase complex 3	NAD3
NADH dehydrogenase complex 4L	NAD4L
NADH dehydrogenase complex 4	NAD4
NADH dehydrogenase complex 5	NAD5
NADH dehydrogenase complex 6	NAD6
NADH dehydrogenase complex subunit 1	NAD1
NADH dehydrogenase III	NAD3
NADH dehydrogenase I	NAD1
NADH dehydrogenase, mitochondrial subunit 1	NAD1
NADH dehydrogenase	NAD1
NADH dehydrogenase	NAD2
NADH dehydrogenase	NAD3
NADH dehydrogenase	NAD4
NADH dehydrogenase	NAD5
NADH dehydrogenase	NAD6
NADH dehydrogenase (ND1) subunit 1	NAD1
NADH dehydrogenase (ND2) subunit 2	NAD2
NADH dehydrogenase (ND3) subunit 3	NAD3
NADH dehydrogenase (ND4) subunit 4	NAD4
NADH dehydrogenase (ND5) subunit 5	NAD5
NADH dehydrogenase (ND6) subunit 6	NAD6
NADH dehydrogenase respiratory chain subunit 1	NAD1
NADH dehydrogenase respiratory chain subunit 2	NAD2
NADH dehydrogenase respiratory chain subunit 4L	NAD4L
NADH dehydrogenase respiratory chain subunit 4	NAD4
NADH dehydrogenase respiratory chain subunit 5	NAD5
NADH dehydrogenase respiratory chain subunit 6	NAD6
NADH dehydrogenase subnit 1	NAD1
NADH dehydrogenase subnit 2	NAD2
NADH dehydrogenase subnit 3	NAD3
NADH dehydrogenase subnit 4L	NAD4L
NADH dehydrogenase subnit 4	NAD4
NADH dehydrogenase subnit 5	NAD5
NADH dehydrogenase subnit 6	NAD6
NADH dehydrogenase subnuit 1	NAD1
NADH dehydrogenase subnuit 2	NAD2
NADH dehydrogenase subnuit 3	NAD3
NADH dehydrogenase subuint 5	NAD5
NADH dehydrogenase subujnit 4L	NAD4L
NADH dehydrogenase subumit 1	NAD1
NADH dehydrogenase subumit 2	NAD2
NADH dehydrogenase subumit 3	NAD3
NADH dehydrogenase subumit 4L	NAD4L
NADH dehydrogenase subumit 4	NAD4
NADH dehydrogenase subumit 5	NAD5
NADH dehydrogenase subumit 6	NAD6
NADH dehydrogenase subuni1	NAD1
NADH dehydrogenase subunit #1	NAD1
NADH dehydrogenase subunit 1	NAD1
NADH dehydrogenase subunit-1	NAD1
NADH dehydrogenase subunit1	NAD1
NADH dehydrogenase, subunit 1	NAD1
NADH-dehydrogenase subunit 1	NAD1
NADH-Dehydrogenase Subunit 1	NAD1
NADH dehydrogenase subunit 1 (ND1)	NAD1
NADH dehydrogenase subunit 1 type 1	NAD1
NADH dehydrogenase subunit 1 type 2	NAD1
NADH dehydrogenase subunit 2 (mitochondrion)	NAD2
#NADH dehydrogenase subunit 2	NAD2
NADH dehydrogenase subunit #2	NAD2
NADH dehydrogenase subunit 2	NAD2
NADH dehydrogenase subunit-2	NAD2
NADH dehydrogenase subunit2	NAD2
NADH-dehydrogenase subunit 2	NAD2
NADH dehydrogenase subunit 2 (ND2)	NAD2
NADH dehydrogenase subunit 3	NAD3
NADH dehydrogenase subunit-3	NAD3
NADH dehydrogenase subunit3	NAD3
NADH dehydrogenase, subunit 3	NAD3
NADH-dehydrogenase subunit 3	NAD3
NADH dehydrogenase, subunit 4L (complex I)	NAD4L
NADH dehydrogenase subunit 4 L	NAD4L
NADH dehydrogenase subunit 4L	NAD4L
NADH dehydrogenase subunit-4L	NAD4L
NADH dehydrogenase subunit4L	NAD4L
NADH-dehydrogenase subunit 4L	NAD4L
nadh dehydrogenase subunit 4	NAD4
NADH dehydrogenase subunit 4	NAD4
NADH dehydrogenase subunit-4	NAD4
NADH dehydrogenase subunit4	NAD4
NADH-dehydrogenase subunit 4	NAD4
NADH dehydrogenase, subunit 5 complex I	NAD5
NADH dehydrogenase subunit 5 (mitochondrion)	NAD5
NADH dehydrogenase subunit 5	NAD5
NADH dehydrogenase subunit-5	NAD5
NADH dehydrogenase subunit5	NAD5
NADH dehydrogenase, subunit 5	NAD5
NADH dehydrogenasesubunit 5	NAD5
NADH-dehydrogenase subunit 5	NAD5
NADH dehydrogenase subunit 5	NAD6
NADH dehydrogenase subunit 5 (ND5)	NAD5
NADH-dehydrogenase subunit 5, ND5	NAD5
NADH dehydrogenase subunit 6	NAD6
NADH dehydrogenase subunit-6	NAD6
NADH dehydrogenase subunit6	NAD6
NADH dehydrogenase, subunit 6	NAD6
NADH-dehydrogenase subunit 6	NAD6
NADH dehydrogenase subunit 6, ND6	NAD6
NADH dehydrogenase subunit A1	NAD1
NADH dehydrogenase subunit III	NAD3
NADH dehydrogenase subunit II	NAD2
NADH dehydrogenase subunit II (ND2)	NAD2
NADH dehydrogenase subunit I	NAD1
NADH dehydrogenase subunit IV L	NAD4L
NADH dehydrogenase subunit IV	NAD4
NADH dehydrogenase subunit	NAD1
NADH dehydrogenase subunit	NAD2
NADH dehydrogenase subunit	NAD5
NADH dehydrogenase subunit ND3	NAD3
NADH dehydrogenase subunit ND4	NAD4
NADH dehydrogenase subunit ND5	NAD5
NADH dehydrogenase subunits 1	NAD1
NADH dehydrogenase subunits 2	NAD2
NADH dehydrogenase subunits 3	NAD3
NADH dehydrogenase subunits 4L	NAD4L
NADH dehydrogenase subunits 4	NAD4
NADH dehydrogenase subunits 5	NAD5
NADH dehydrogenase subunits 6	NAD6
NADH dehydrogenase subunit VI	NAD6
NADH dehydrogenase subunit V	NAD5
NADH dehydrogenase subunt 2	NAD2
NADH dehydrogenase subunt 4	NAD4
NADH dehydrogenase sunbunit 4	NAD4
NADH dehydrogenase suubunit 3	NAD3
NADH dehydrogenase suunit 1	NAD1
NADH dehydrogenase (ubiquinone) chain 1	NAD1
NADH dehydrogenase (ubiquinone) chain 3	NAD3
NADH dehydrogenase (ubiquinone) chain 4L	NAD4L
NADH dehydrogenase (ubiquinone) chain 4	NAD4
NADH dehydrogenase (ubiquinone) chain 5	NAD5
NADH dehydrogenase (ubiquinone) chain 6	NAD6
NADH dehydrogenase (ubiquinone)	NAD1
NADH dehydrogenase (ubiquinone)	NAD2
NADH dehydrogenase (ubiquinone)	NAD3
NADH dehydrogenase (ubiquinone)	NAD4
NADH dehydrogenase (ubiquinone)	NAD4L
NADH dehydrogenase (ubiquinone)	NAD5
NADH dehydrogenase (ubiquinone)	NAD6
NADH dehydrogenate subunit 6	NAD6
NADH dehydrogenease subunit 3	NAD3
NADH dehydrogenease subunit 4L	NAD4L
NADH dehydrogenease subunit 5	NAD5
NADH dehydrogenese subunit 1	NAD1
NADH dehydrogenese subunit 2	NAD2
NADH dehydrogenese subunit 4L	NAD4L
NADH dehydrogenese subunit 4	NAD4
NADH dehydrogenese subunit 5	NAD5
NADH dehydrogenese subunit 6	NAD6
NADH dehydrogensae subunit 1	NAD1
NADH dehydrogensae subunit 2	NAD2
NADH dehydrogense subunit 1	NAD1
NADH dehydrogense subunit 2	NAD2
NADH dehydrogense subunit 3	NAD3
NADH dehydrogense subunit 4L	NAD4L
NADH dehydrogense subunit 4	NAD4
NADH dehydrogense subunit 5	NAD5
NADH dehydrogense subunit 6	NAD6
NADH dehydrogense subunit I	NAD1
NADH dehydroghense subunit 5	NAD5
NADH dehydrognase subunit II	NAD2
NADH dehydrosenase subunit 4	NAD4
NADH dehydroxygenase subunit 5	NAD5
NADH dehygrogenase subunit 1	NAD1
NADH dehygrogenase subunit 4L	NAD4L
NADH dehygrogenase subunit 4	NAD4
NADH dehygrogenase subunit 6	NAD6
NADH dehyodrogenase subunit 4	NAD4
NADH dehyrdogenase subunit 3	NAD3
NADH dehyrogenase subunit 3	NAD3
NADH denydrogenase subunit 1	NAD1
NADH denydrogenase subunit 2	NAD2
NADH denydrogenase subunit 3	NAD3
NADH denydrogenase subunit 4L	NAD4L
NADH denydrogenase subunit 4	NAD4
NADH denydrogenase subunit 5	NAD5
NADH denydrogenase subunit 6	NAD6
NADH deshidrogenase subunit 6	NAD6
NADH deshydrogenase subunit 1	NAD1
NADH deshydrogenase subunit 2	NAD2
NADH deshydrogenase subunit 3	NAD3
NADH deshydrogenase subunit 4L	NAD4L
NADH deshydrogenase subunit 4	NAD4
NADH deshydrogenase subunit 5	NAD5
NADH deshydrogenase subunit 6	NAD6
NADH deydrogenase subunit 2	NAD2
NADH deydrogenase subunit 3	NAD3
NADH deydrogenase subunit 4	NAD4
NADH deydrogenase subunit 5	NAD5
NADH deydrogenase subunit 6	NAD6
NADH deyhdrogenase subunit 1	NAD1
NADH deyhdrogenase subunit 2	NAD2
NADH deyhdrogenase subunit 4	NAD4
NADH deyhdrogenase subunit 6	NAD6
NADH deyhydrogenase subunit 2	NAD2
NADH dhydrogenase 1	NAD1
NADH dsehydrogenase subunit 6	NAD6
NADH hehydrogenase subunit 5	NAD5
NADH hydrogenase subunit 2	NAD2
NADH hydrogenase subunit 5	NAD5
nadhi	NAD1
nadhI	NAD1
NADH-I	NAD1
NADH	NAD1
NADH	NAD6
NADH sub1	NAD1
NADH sub2	NAD2
NADH subunit 1	NAD1
NADHsubunit 1	NAD1
NADH subunit 2	NAD2
NADH-subunit 2	NAD2
NADH subunit 3	NAD3
NADH subunit 4L	NAD4L
NADH subunit 4	NAD4
NADH subunit 5	NAD5
NADH subunit 6	NAD6
NADH-subunit 6	NAD6
NADH subunit VI	NAD6
NADH:ubiquinone oxidoreductase 1	NAD1
NADH:ubiquinone oxidoreductase 2	NAD2
NADH:ubiquinone oxidoreductase 4L	NAD4L
NADH:ubiquinone oxidoreductase 4	NAD4
NADH:ubiquinone oxidoreductase 5	NAD5
NADH:ubiquinone oxidoreductase 6	NAD6
NADH-ubiquinone oxidoreductase chain 1	NAD1
NADH-ubiquinone oxidoreductase chain 1 protein	NAD1
NADH-ubiquinone oxidoreductase chain 2	NAD2
NADH-ubiquinone oxidoreductase chain 3	NAD3
NADH-ubiquinone oxidoreductase chain 4L	NAD4L
NADH-ubiquinone oxidoreductase chain 4	NAD4
NADH-ubiquinone oxidoreductase chain 4 protein	NAD4
NADH-ubiquinone oxidoreductase chain 5	NAD5
NADH-ubiquinone oxidoreductase chain 5 protein	NAD5
NADH-ubiquinone oxidoreductase chain 6	NAD6
NADH ubiquinone oxidoreductase subunit 1	NAD1
NADH-ubiquinone oxidoreductase subunit 1	NAD1
NADH ubiquinone oxidoreductase subunit 2	NAD2
NADH-ubiquinone oxidoreductase subunit 2	NAD2
NADH ubiquinone oxidoreductase subunit 3	NAD3
NADH-ubiquinone oxidoreductase subunit 3	NAD3
NADH ubiquinone oxidoreductase subunit 4L	NAD4L
NADH-ubiquinone oxidoreductase subunit 4L	NAD4L
NADH ubiquinone oxidoreductase subunit 4	NAD4
NADH-ubiquinone oxidoreductase subunit 4	NAD4
NADH ubiquinone oxidoreductase subunit 5	NAD5
NADH-ubiquinone oxidoreductase subunit 5	NAD5
NADH ubiquinone oxidoreductase subunit 6	NAD6
NADH-ubiquinone oxidoreductase subunit 6	NAD6
NADH-ubiquinone oxidoreductase subunit III	NAD3
NADH-ubiquinone oxidoreductase subunit II	NAD2
NADH-ubiquinone oxidoreductase subunit I	NAD1
NADH-ubiquinone oxidoreductase subunit IV	NAD4
NADH-ubiquinone oxidoreductase subunit VI	NAD6
NADH-ubiquinone oxidoreductase subunit V	NAD5
NAD(P)H dehydrogenase subunit 1	NAD1
NADY dehydrogenase subunit 6	NAD6
nahd1	NAD1
NAHD2	NAD2
NAHD5	NAD5
NAHD dehydrogenase 5	NAD5
NAHD dehydrogenase subunit 1	NAD1
NAHD dehydrogenase subunit 2	NAD2
NAHD dehydrogenase subunit 3	NAD3
NAHD dehydrogenase subunit 4L	NAD4L
NAHD dehydrogenase subunit 4	NAD4
NAHD dehydrogenase subunit 5	NAD5
NAHD dehydrogenase subunit 6	NAD6
ND1 gene product (AA 1 - 127)	NAD1
ND1 gene product (AA 1 - 129)	NAD1
nd1	NAD1
Nd1	NAD1
ND 1	NAD1
ND-1	NAD1
ND1`	NAD1
ND1)	NAD1
ND1	NAD1
ND-1 protein (54 AA)	NAD1
ND-1 protein (76 AA)	NAD1
ND1 protein	NAD1
ND2 gene	NAD2
nd2	NAD2
ND 2	NAD2
ND-2	NAD2
ND2	NAD2
ND2 protein	NAD2
nd3	NAD3
ND 3	NAD3
ND-3	NAD3
ND3	NAD3
ND3 protein	NAD3
nd4l	NAD4L
nd4L	NAD4L
ND 4L	NAD4L
ND-4L	NAD4L
ND4-L	NAD4L
ND4L	NAD4L
ND4L protein	NAD4L
nd4	NAD4
ND 4	NAD4
ND-4	NAD4
ND4	NAD4
ND-4 protein (71 AA)	NAD4
ND4 protein	NAD4
nd5	NAD5
Nd5	NAD5
ND 5	NAD5
ND-5	NAD5
ND5	NAD5
ND5 protein	NAD5
nd 6	NAD6
nd6	NAD6
ND-6	NAD6
ND6	NAD6
ND6 protein	NAD6
NDA1	NAD1
N-dehydrogenase subunit 5	NAD5
NDH1	NAD1
ndh2	NAD2
ndh3	NAD3
ndh4	NAD4
ndh5	NAD5
ndh6	NAD6
NDH	NAD3
ndh-U1	NAD1
ndh-U3	NAD3
ndh-U4L	NAD4L
ndh-U4	NAD4
ndh-U5	NAD5
ndh-U6	NAD6
NDII	NAD2
NDI	NAD1
ndp	NAD6
nicotinamide adenine dehydrogenase subunit 4	NAD4
nicotinamide adenine dinucleotide dehydrogenase component 2	NAD2
nicotinamide adenine dinucleotide dehydrogenase (NADH) subunit 2	NAD2
nicotinamide adenine dinucleotide dehydrogenase (NADH) subunit 4	NAD4
nicotinamide adenine dinucleotide dehydrogenase subunit 1	NAD1
nicotinamide adenine dinucleotide dehydrogenase subunit 2	NAD2
nicotinamide adenine dinucleotide dehydrogenase subunit 3	NAD3
nicotinamide adenine dinucleotide dehydrogenase subunit 4L	NAD4L
nicotinamide adenine dinucleotide dehydrogenase subunit 4	NAD4
nicotinamide adenine dinucleotide dehydrogenase subunit 5	NAD5
nicotinamide adenine dinucleotide dehydrogenase subunit 6	NAD6
nicotinamide adenine dinucleotide	NAD2
nicotinamide dehydrogenase 4	NAD4
nicotinamide dehydrogenase subunit 2	NAD2
nicotinamine dehydrogenase sub unit 2	NAD2
NND2	NAD2
NND5	NAD5
NU5M	NAD5
p6	ATP6
p8	ATP8
product: cytochrome c oxidase subunit I	COX1
putative cytochrome c oxidase subunit 2	COX2
putative cytochrome oxidase subunit II	COX2
q6S ribosomal RNA	16S
RfCOI	COX1
ribosomal RNA large subunit	16S
ribosomal RNA, large subunit	16S
ribosomal RNA small subunit	12S
RNA-His and 16S ribosomal RNA	16S
rnl	16S
rnLa	16S
rnl_p1	16S
rnl_p2	16S
rnl_p3	16S
rnl_p4	16S
rnl_p5	16S
rnl_p6	16S
rnr1	12S
RNR1	12S
rnr2	16S
RNR2	16S
rns	12S
rns_p1	12S
rns_p2	12S
rns_p3	12S
rrn12	12S
rrn16	16S
rRNA-12S	12S
rRNA	16S
rRNA gene	16S
rRNA large subunit	16S
rRNA small subunit	12S
rrnL #1	16S
rrnl	16S
rrnL	16S
rrnL #2	16S
rrnS	12S
rrnS	16S
rrs	16S
ScpCOI	COX1
ScrCOI	COX1
SGC8	NAD5
small ribosomal RNA	12S
small ribosomal RNA subunit	12S
small ribosomal RNA subunit RNA	12S
small rRNA	12S
small subinut ribosomal RNA	12S
small subnit ribosomal RNA	12S
small subumit ribosomal RNA	12S
small subunit	12S
small subunit 12S ribosomal RNA	12S
small subunit of 12S ribosomal RNA	12S
small subunit of ribosomal RNA	12S
small subunit ribosmal RNA	12S
small subunit ribosomal RNA	12S
small subunit ribosomal RNA gene	12S
small-subunit ribosomal RNA subunit	12S
s-RNA	12S
s-rRNA	12S
srRNA	12S
SrRNA	12S
ssu	12S
SSU	12S
SSU rRNA	12S
subunit 1 cytiochrome oxidase c	COX1
subunit 1 of the cytochrome c oxidase	COX1
Subunit 1 of the NADH ubiquinone oxidoreductase complex	NAD1
subunit 2 of the cytochrome c oxidase	COX2
subunit 2 of the NADH ubiquinone oxidoreductase complex	NAD2
subunit 3 of the cytochrome c oxidase	COX3
subunit 3 of the NADH ubiquinone oxidoreductase complex	NAD3
subunit 4 of the NADH ubiquinone oxidoreductase complex	NAD4
subunit 5 of the NADH ubiquinone oxidoreductase complex	NAD5
subunit 6 of mitochondrial F-ATPase	ATP6
subunit 6 of the NADH ubiquinone oxidoreductase complex	NAD6
subunit I of cytochrome c oxidase	COX1
subunit ND4L of the NADH ubiquinone oxidoreductase complex	NAD4L
subunit ribosomal RNA	12S
synthase F0 subunit 6	ATP6
synthase F0 subunit 8	ATP8
TAA stop codon is completed by the addition of 3' A residues to the mRNA	NAD4L
truncated ATPase subunit 6	ATP6
truncated ATP synthase F0 subunit 8	ATP8
truncated cytochrome c oxidase subunit I	COX1
truncated cytochrome oxidase subunit 1	COX1
truncated cytochrome oxidase subunit I	COX1
truncated NADH dehydrogenase subunit 1	NAD1
truncated NADH dehydrogenase subunit 3	NAD3
truncated NADH dehydrogenase subunit 5	NAD5
truncated NADH dehydrogenase subunit 6	NAD6
